stage,run_code,split,index,cell_label_human,cell_pred,cell_confidence,cell_grid_l1_distance,cell_grid_linf_distance,center_error_m
S3,S3_M09,test,9,2,17,0.515486478805542,3,3,1.1751155994006623
S3,S3_M09,test,10,3,8,0.9760525226593018,1,1,0.5960467633732955
S3,S3_M09,test,11,5,7,0.6212425231933594,2,2,1.7998623343544635
S3,S3_M09,test,12,6,13,0.3873138725757599,3,2,0.6169835650055782
S3,S3_M09,test,13,6,23,0.9938400387763976,5,3,1.2456480027545778
S3,S3_M09,test,14,6,7,0.5600131750106812,1,1,0.4429538789119445
S3,S3_M09,test,15,6,22,0.958182692527771,4,3,1.290501250633156
S3,S3_M09,test,16,7,17,0.7293245792388916,2,2,0.6702481005255604
S3,S3_M09,test,17,7,22,0.969128966331482,3,3,1.169726654080861
S3,S3_M09,test,18,7,8,0.7904174327850342,1,1,0.2665329281681697
S3,S3_M09,test,19,7,4,0.491703599691391,3,2,0.9436917334616054
S3,S3_M09,test,20,7,17,0.5919128060340881,2,2,0.7188245837688392
S3,S3_M09,test,21,8,6,0.8499944806098938,2,2,1.056012968717071
S3,S3_M09,test,23,8,20,0.9816139936447144,6,3,1.336043300855957
S3,S3_M09,test,25,9,17,0.5336911082267761,4,2,1.3587519335452831
S3,S3_M09,test,27,11,6,0.7632084488868713,1,1,0.530551096035873
S3,S3_M09,test,28,11,6,0.9908485412597656,1,1,0.2088034322679644
S3,S3_M09,test,29,12,11,0.519777774810791,1,1,0.1184650582072713
S3,S3_M09,test,30,12,13,0.4375625550746918,1,1,0.3012909084586768
S3,S3_M09,test,32,12,11,0.3782292902469635,1,1,0.0401690105468866
S3,S3_M09,test,33,13,14,0.9524364471435548,1,1,0.7956498205203144
S3,S3_M09,test,35,13,12,0.4450165331363678,1,1,0.8824193316692659
S3,S3_M09,test,36,14,13,0.3801141083240509,1,1,1.0644301923846713
S3,S3_M09,test,37,16,18,0.8289344906806946,2,2,0.3843484731641037
S3,S3_M09,test,38,17,22,0.9504831433296204,1,1,0.212206732413686
S3,S3_M09,test,39,17,22,0.5512996315956116,1,1,0.3281433977094715
S3,S3_M09,test,40,17,18,0.9391656517982484,1,1,0.264402602478701
S3,S3_M09,test,42,18,17,0.5900580883026123,1,1,0.90464283945114
S3,S3_M09,test,43,18,7,0.4748302698135376,3,2,0.5380440971272572
S3,S3_M09,test,45,20,13,0.4104335010051727,5,3,0.9337928802888376
S3,S3_M09,test,46,22,20,0.9996126294136048,2,2,0.7912444698232233
S3,S3_M09,test,47,23,18,0.4754318594932556,1,1,0.8248596058895453
S3,S3_M09,test,48,1,20,0.979608714580536,5,4,0.8455427140614196
S3,S3_M09,test,49,2,18,0.5776963233947754,4,3,1.2222092871288497
S3,S3_M09,test,50,3,0,0.9969286322593688,3,3,0.8489030992276236
S3,S3_M09,test,51,4,18,0.742057204246521,4,3,2.00771866757344
S3,S3_M09,test,53,7,18,0.6068955659866333,3,2,0.9152714589668216
S3,S3_M09,test,55,7,13,0.3899327516555786,2,1,0.4358785419889565
S3,S3_M09,test,56,7,21,0.3027774393558502,4,3,0.8140071087014149
S3,S3_M09,test,57,7,22,0.5768765211105347,3,3,1.0357270475109308
S3,S3_M09,test,58,8,12,0.2804750204086303,2,1,0.7008670303598052
S3,S3_M09,test,59,8,20,0.3966941237449646,6,3,1.048983938842545
S3,S3_M09,test,60,8,17,0.6041236519813538,3,2,0.4853902122635411
S3,S3_M09,test,61,8,13,0.4081090092658996,1,1,0.4138311828210546
S3,S3_M09,test,62,11,17,0.746843695640564,2,1,0.6113687618258504
S3,S3_M09,test,64,11,12,0.3527263104915619,1,1,0.5290316066375697
S3,S3_M09,test,66,12,11,0.4462699592113495,1,1,0.278964564307174
S3,S3_M09,test,67,12,11,0.3531967401504516,1,1,0.1534851409504812
S3,S3_M09,test,68,13,7,0.3957006931304931,2,1,0.4957618307485179
S3,S3_M09,test,69,13,3,0.9437846541404724,2,2,0.193616409119057
S3,S3_M09,test,70,13,11,0.4090923070907593,2,2,0.8096413289457735
S3,S3_M09,test,71,16,13,0.4009402096271515,3,2,1.0584940765056914
S3,S3_M09,test,72,16,22,0.4602063298225403,2,1,0.4320833619535989
S3,S3_M09,test,75,17,16,0.4351288378238678,1,1,0.281042293723664
S3,S3_M09,test,76,17,7,0.5127145648002625,2,2,0.829453896268197
S3,S3_M09,test,77,17,7,0.562698483467102,2,2,0.9362681559815011
S3,S3_M09,test,78,18,20,0.887249231338501,4,3,1.3909387938571278
S3,S3_M09,test,80,18,24,0.8428575396537781,2,1,0.227131175410389
S3,S3_M09,test,81,22,17,0.4789329171180725,1,1,0.7864773212398825
S3,S3_M09,test,83,23,19,0.9831385612487792,2,1,1.0944947032246803
S3,S3_M09,test,84,4,8,0.4300688505172729,2,1,1.4160819135101863
S3,S3_M09,test,85,6,7,0.2558080554008484,1,1,1.0828265723232375
S3,S3_M09,test,87,6,13,0.6174356937408447,3,2,1.224188928964984
S3,S3_M09,test,89,7,8,0.5057073831558228,1,1,0.5016812979527104
S3,S3_M09,test,90,7,2,0.6862000823020935,1,1,0.4486084048670217
S3,S3_M09,test,91,7,8,0.714394211769104,1,1,0.2363354351143351
S3,S3_M09,test,92,8,7,0.3621296286582947,1,1,0.9231932601779328
S3,S3_M09,test,93,10,3,0.9966721534729004,5,3,1.7110499594385329
S3,S3_M09,test,94,10,12,0.534873902797699,2,2,1.0481180026997152
S3,S3_M09,test,96,11,10,0.709886372089386,1,1,0.3676878818619328
S3,S3_M09,test,97,12,17,0.7015822529792786,1,1,0.190902631797003
S3,S3_M09,test,99,12,6,0.7308269143104553,2,1,0.8393146166393837
S3,S3_M09,test,100,12,11,0.5111519694328308,1,1,0.2235406874453736
S3,S3_M09,test,101,12,11,0.4559623897075653,1,1,0.1960105580702719
S3,S3_M09,test,102,12,10,0.9934764504432678,2,2,0.536520336262163
S3,S3_M09,test,104,12,11,0.4110321402549743,1,1,0.2275637662817089
S3,S3_M09,test,105,13,7,0.5089708566665649,2,1,0.458819262314168
S3,S3_M09,test,107,13,12,0.5459133982658386,1,1,0.9633146173199616
S3,S3_M09,test,108,13,16,0.575674295425415,3,2,0.7170407817182423
S3,S3_M09,test,109,14,0,0.982858955860138,6,4,1.510676029139792
S3,S3_M09,test,110,15,24,0.3813182413578033,5,4,1.00019108844016
S3,S3_M09,test,112,16,20,0.9992307424545288,2,1,0.4100055744567431
S3,S3_M09,test,116,17,16,0.9846941232681274,1,1,0.0821126226146071
S3,S3_M09,test,117,18,17,0.5125169157981873,1,1,0.6290113959029456
S3,S3_M09,test,118,18,4,0.3321123421192169,4,3,0.8535840646770942
S3,S3_M09,test,120,22,20,0.999392867088318,2,2,1.0419972643777096
S3,S3_M09,test,121,22,13,0.4908803403377533,3,2,1.34829726476325
S3,S3_M09,test,122,23,24,0.5103831887245178,1,1,0.8761589780927909
S3,S3_M09,test,123,24,3,0.9757948517799376,5,4,1.2582051671761867
S3,S3_M09,test,124,2,4,0.9841513633728028,2,2,0.5037666568490293
S3,S3_M09,test,125,3,8,0.4753515124320984,1,1,0.4232198003348558
S3,S3_M09,test,127,6,18,0.6231095790863037,4,2,1.1224752695539244
S3,S3_M09,test,128,7,22,0.928111732006073,3,3,0.6987814558444401
S3,S3_M09,test,130,12,13,0.4354126453399658,1,1,0.1568934330654896
S3,S3_M09,test,131,13,8,0.5578790903091431,1,1,0.37392424306985
S3,S3_M09,test,132,13,12,0.4416532814502716,1,1,0.6489662030996197
S3,S3_M09,test,133,13,11,0.4407225847244262,2,2,0.7724588668085328
S3,S3_M09,test,134,17,8,0.4552465677261352,3,2,1.2610090065192023
S3,S3_M09,test,135,18,22,0.4624877870082855,2,1,0.5048121404908875
S3,S3_M09,test,138,24,23,0.98291677236557,1,1,0.8694252014721778
S3,S3_M02,test,9,2,0,0.7500622272491455,2,2,0.961187857962016
S3,S3_M02,test,10,3,19,0.5827282667160034,4,3,1.5070832025072596
S3,S3_M02,test,11,5,18,0.5873546600341797,5,3,1.5627100958677758
S3,S3_M02,test,12,6,12,0.3257587850093841,2,1,0.9515552186994768
S3,S3_M02,test,13,6,23,0.9697834849357604,5,3,1.185686025227747
S3,S3_M02,test,14,6,16,0.9866966605186462,2,2,1.370865228305273
S3,S3_M02,test,15,6,22,0.431919515132904,4,3,0.6839119624186506
S3,S3_M02,test,17,7,14,0.3387951254844665,3,2,0.5686715849206279
S3,S3_M02,test,18,7,6,0.8163709044456482,1,1,0.1684887300601657
S3,S3_M02,test,19,7,19,0.8427975177764893,4,2,1.273286571483451
S3,S3_M02,test,21,8,6,0.9935623407363892,2,2,1.1510711354126593
S3,S3_M02,test,23,8,6,0.5314257740974426,2,2,1.067134807901223
S3,S3_M02,test,24,8,7,0.8897474408149719,1,1,0.3626606261152515
S3,S3_M02,test,25,9,19,0.9949719905853271,2,2,1.616076649579614
S3,S3_M02,test,27,11,8,0.5291116237640381,3,2,0.9622660051247988
S3,S3_M02,test,28,11,8,0.4216426610946655,3,2,0.8680986387818264
S3,S3_M02,test,29,12,11,0.6769676208496094,1,1,0.1217226617228481
S3,S3_M02,test,30,12,7,0.6831580400466919,1,1,0.3035172392661585
S3,S3_M02,test,32,12,11,0.8752867579460144,1,1,0.2065042921470879
S3,S3_M02,test,33,13,10,0.5318604111671448,3,3,0.861284411410561
S3,S3_M02,test,34,13,8,0.5521729588508606,1,1,0.1894985308671929
S3,S3_M02,test,35,13,12,0.4597943723201751,1,1,0.6515828773496742
S3,S3_M02,test,36,14,13,0.5460553765296936,1,1,0.6738530467495997
S3,S3_M02,test,37,16,7,0.2998455166816711,3,2,0.8687771787436358
S3,S3_M02,test,38,17,6,0.5406143665313721,3,2,1.054632170723213
S3,S3_M02,test,39,17,6,0.7699124217033386,3,2,0.8234272813156176
S3,S3_M02,test,40,17,18,0.4024190306663513,1,1,0.3554447980815737
S3,S3_M02,test,42,18,17,0.4961733222007751,1,1,0.6803194489941694
S3,S3_M02,test,45,20,16,0.8743646144866943,2,1,0.6255916576041527
S3,S3_M02,test,46,22,20,0.9933261871337892,2,2,1.0773174709268998
S3,S3_M02,test,47,23,18,0.6812816858291626,1,1,1.0503050927392286
S3,S3_M02,test,48,1,6,0.989782214164734,1,1,0.6904742687097855
S3,S3_M02,test,49,2,18,0.4694707095623016,4,3,1.6274446625796
S3,S3_M02,test,50,3,4,0.8301071524620056,1,1,0.6874310846305204
S3,S3_M02,test,51,4,16,0.6741818785667419,6,3,2.3341023800957434
S3,S3_M02,test,52,6,22,0.6930674314498901,4,3,0.4730481986165295
S3,S3_M02,test,55,7,18,0.3422602713108063,3,2,0.7963149659555528
S3,S3_M02,test,56,7,12,0.3173103928565979,1,1,0.5037741989842679
S3,S3_M02,test,57,7,2,0.3412078320980072,1,1,0.3538548676830608
S3,S3_M02,test,58,8,16,0.3152758479118347,4,2,0.7619498105623116
S3,S3_M02,test,59,8,6,0.9636570811271667,2,2,0.8838588643254298
S3,S3_M02,test,60,8,2,0.7518235445022583,2,1,0.5608908177485693
S3,S3_M02,test,61,8,6,0.508632242679596,2,2,0.6008672959046515
S3,S3_M02,test,62,11,17,0.649501621723175,2,1,0.572607508545797
S3,S3_M02,test,67,12,11,0.7753243446350098,1,1,0.1365558304277465
S3,S3_M02,test,68,13,12,0.2422314584255218,1,1,0.3742939707702288
S3,S3_M02,test,69,13,24,0.959926426410675,3,2,0.8125704356277604
S3,S3_M02,test,70,13,12,0.6175928711891174,1,1,0.4188291940538426
S3,S3_M02,test,71,16,18,0.2442670166492462,2,2,0.5968933307001622
S3,S3_M02,test,72,16,17,0.3948794901371002,1,1,0.2318071776395122
S3,S3_M02,test,74,17,18,0.3399573266506195,1,1,0.0664243531177167
S3,S3_M02,test,75,17,13,0.409846156835556,2,1,0.4203245946761123
S3,S3_M02,test,76,17,13,0.4034853875637054,2,1,0.4996036329635434
S3,S3_M02,test,78,18,10,0.5452096462249756,4,3,1.965880429493304
S3,S3_M02,test,81,22,13,0.600530207157135,3,2,0.5206585753820454
S3,S3_M02,test,82,22,6,0.3581633865833282,4,3,1.649566356149359
S3,S3_M02,test,84,4,8,0.3752593696117401,2,1,1.6357038886570645
S3,S3_M02,test,85,6,17,0.2039119005203247,3,2,1.0337374347910016
S3,S3_M02,test,86,6,2,0.7081170082092285,2,1,1.0470127667420197
S3,S3_M02,test,87,6,9,0.9793899655342102,3,3,1.0430025030420074
S3,S3_M02,test,88,6,7,0.7951810359954834,1,1,0.8244214043032907
S3,S3_M02,test,90,7,6,0.6210223436355591,1,1,0.7073420031128949
S3,S3_M02,test,91,7,6,0.9720473289489746,1,1,0.8084344482954662
S3,S3_M02,test,92,8,17,0.4168828725814819,3,2,1.0029743349713818
S3,S3_M02,test,93,10,3,0.8211931586265564,5,3,1.714795299824605
S3,S3_M02,test,94,10,11,0.5461642742156982,1,1,1.1657499893021763
S3,S3_M02,test,96,11,12,0.6040310263633728,1,1,0.8211878076500372
S3,S3_M02,test,97,12,17,0.6048149466514587,1,1,0.2865483183798505
S3,S3_M02,test,98,12,13,0.8439716100692749,1,1,0.4552624321758318
S3,S3_M02,test,99,12,14,0.891754686832428,2,2,0.5176273392482331
S3,S3_M02,test,100,12,13,0.3415368497371673,1,1,0.2901458475837682
S3,S3_M02,test,102,12,14,0.4178477227687835,2,2,0.2771504771670871
S3,S3_M02,test,104,12,7,0.8842502236366272,1,1,0.2939420827128028
S3,S3_M02,test,105,13,16,0.9496685266494752,3,2,1.0071059894065646
S3,S3_M02,test,106,13,16,0.9717845916748048,3,2,1.3048144885059805
S3,S3_M02,test,107,13,12,0.4361691772937774,1,1,0.4453577753224674
S3,S3_M02,test,108,13,7,0.742313802242279,2,1,0.8709822825554642
S3,S3_M02,test,109,14,8,0.8684216141700745,2,1,1.4320900102026672
S3,S3_M02,test,110,15,23,0.9771376848220824,4,3,1.404765660821483
S3,S3_M02,test,112,16,6,0.7912645936012268,2,2,0.928280150288686
S3,S3_M02,test,115,17,7,0.5841887593269348,2,2,0.9793114212581964
S3,S3_M02,test,116,17,18,0.7293727397918701,1,1,0.5142650130121582
S3,S3_M02,test,117,18,7,0.673641562461853,3,2,1.0029839729015269
S3,S3_M02,test,118,18,19,0.5906050205230713,1,1,0.7899348107738517
S3,S3_M02,test,119,19,18,0.348802775144577,1,1,0.9397981502073688
S3,S3_M02,test,120,22,20,0.9968299269676208,2,2,1.4440202641529922
S3,S3_M02,test,121,22,11,0.9408273100852966,3,2,1.437115395931018
S3,S3_M02,test,122,23,16,0.7079548835754395,3,2,0.9537560721468984
S3,S3_M02,test,124,2,4,0.6181832551956177,2,2,0.9124545671431278
S3,S3_M02,test,126,6,20,0.648219645023346,4,3,0.8892337161277796
S3,S3_M02,test,127,6,7,0.5841341614723206,1,1,0.8960815655522193
S3,S3_M02,test,128,7,6,0.8854855298995972,1,1,0.6274325908060183
S3,S3_M02,test,129,8,6,0.9754551649093628,2,2,1.156100496988966
S3,S3_M02,test,130,12,11,0.6260103583335876,1,1,0.1377401122277725
S3,S3_M02,test,131,13,6,0.6138041019439697,3,2,0.885836178944052
S3,S3_M02,test,132,13,12,0.4911101460456848,1,1,0.3003946990314531
S3,S3_M02,test,135,18,8,0.6558893322944641,2,2,0.9081842041310776
S3,S3_M02,test,136,18,6,0.503832221031189,4,2,0.7075237543606059
S3,S3_M02,test,138,24,23,0.9683199524879456,1,1,1.0241826430092082
S3,S3_M05,test,9,2,18,0.4529019296169281,4,3,1.1899572731364714
S3,S3_M05,test,10,3,23,0.3829154372215271,4,4,1.5207026146913114
S3,S3_M05,test,11,5,22,0.508974015712738,5,3,1.9961344906647829
S3,S3_M05,test,12,6,7,0.3714886605739593,1,1,0.8899947999022185
S3,S3_M05,test,13,6,19,0.9618664979934692,5,3,1.4614828522930516
S3,S3_M05,test,14,6,18,0.3435123562812805,4,2,0.8865720413400736
S3,S3_M05,test,15,6,10,0.8027144074440002,2,1,0.7970022139945846
S3,S3_M05,test,16,7,17,0.3791952729225158,2,2,0.8192319433252317
S3,S3_M05,test,17,7,17,0.3647279739379883,2,2,1.0352153342648505
S3,S3_M05,test,18,7,8,0.4288728833198547,1,1,0.194098297110031
S3,S3_M05,test,19,7,19,0.9767122268676758,4,2,1.441344745705304
S3,S3_M05,test,21,8,6,0.7680169939994812,2,2,0.5019493900333171
S3,S3_M05,test,23,8,23,0.2719801664352417,3,3,0.4304200010745155
S3,S3_M05,test,24,8,7,0.508203387260437,1,1,0.4164142100440448
S3,S3_M05,test,25,9,19,0.9758217930793762,2,2,1.3328236011197931
S3,S3_M05,test,27,11,9,0.4641756415367126,4,3,0.9561810024304545
S3,S3_M05,test,28,11,23,0.6772447824478149,4,2,0.9223305278393542
S3,S3_M05,test,29,12,11,0.4273427724838257,1,1,0.2508687632307339
S3,S3_M05,test,30,12,7,0.6535682082176208,1,1,0.2992226707080109
S3,S3_M05,test,32,12,11,0.4254838824272156,1,1,0.1355268418127999
S3,S3_M05,test,33,13,14,0.3490304052829742,1,1,0.5109229445285953
S3,S3_M05,test,36,14,12,0.3465823233127594,2,2,1.1585911675697125
S3,S3_M05,test,37,16,6,0.7180209755897522,2,2,0.9855855392063996
S3,S3_M05,test,38,17,14,0.3044526278972626,3,2,0.5591827353260248
S3,S3_M05,test,39,17,6,0.5200546383857727,3,2,0.7097341515783117
S3,S3_M05,test,40,17,24,0.4144461452960968,3,2,0.5571328133469049
S3,S3_M05,test,42,18,17,0.6236231923103333,1,1,0.5873061574939262
S3,S3_M05,test,43,18,22,0.4575920104980469,2,1,0.0299112166703302
S3,S3_M05,test,45,20,24,0.615757167339325,4,4,1.3005064405780906
S3,S3_M05,test,46,22,20,0.9549785256385804,2,2,0.655316722954663
S3,S3_M05,test,47,23,19,0.27405446767807,2,1,0.911822857916588
S3,S3_M05,test,48,1,6,0.8786763548851013,1,1,0.8252544660163005
S3,S3_M05,test,49,2,18,0.2973122000694275,4,3,1.362701964716834
S3,S3_M05,test,50,3,8,0.4137135446071625,1,1,0.4879720140181666
S3,S3_M05,test,51,4,18,0.4304760694503784,4,3,2.1191608807404263
S3,S3_M05,test,53,7,6,0.7850037813186646,1,1,0.2934483139872244
S3,S3_M05,test,55,7,8,0.6518537402153015,1,1,0.4115500096663416
S3,S3_M05,test,57,7,2,0.8282840251922607,1,1,0.3464124234222895
S3,S3_M05,test,58,8,11,0.2206669002771377,3,2,0.8210076447210769
S3,S3_M05,test,59,8,6,0.7062641978263855,2,2,0.523643732615309
S3,S3_M05,test,60,8,7,0.4646004736423492,1,1,0.7881658151053539
S3,S3_M05,test,61,8,7,0.6332009434700012,1,1,0.6729441392105102
S3,S3_M05,test,62,11,22,0.612503707408905,3,2,0.5614701094278076
S3,S3_M05,test,65,11,13,0.3654027879238128,2,2,0.5499161394708765
S3,S3_M05,test,66,12,11,0.4026709794998169,1,1,0.0868783306759827
S3,S3_M05,test,68,13,11,0.3246045410633087,2,2,0.605441943733249
S3,S3_M05,test,69,13,17,0.2905817925930023,2,1,0.4672436822301019
S3,S3_M05,test,71,16,7,0.1787676960229873,3,2,0.6525646528952825
S3,S3_M05,test,72,16,6,0.6654567718505859,2,2,0.851028173282865
S3,S3_M05,test,73,17,16,0.4744825661182403,1,1,0.3759572115259535
S3,S3_M05,test,75,17,13,0.4261122345924377,2,1,0.1899210396109897
S3,S3_M05,test,77,17,18,0.2541116178035736,1,1,0.362708939848939
S3,S3_M05,test,78,18,10,0.490561693906784,4,3,1.4595965847544052
S3,S3_M05,test,79,18,2,0.6438685059547424,4,3,0.7423504507609884
S3,S3_M05,test,80,18,24,0.4057732224464416,2,1,0.0704042197148596
S3,S3_M05,test,81,22,2,0.4391433596611023,4,4,1.074267338962506
S3,S3_M05,test,82,22,20,0.601179301738739,2,2,1.3073405431170508
S3,S3_M05,test,83,23,19,0.8517372012138367,2,1,0.9225901037222516
S3,S3_M05,test,84,4,0,0.926239013671875,4,4,1.6225731118106967
S3,S3_M05,test,85,6,11,0.2769627273082733,1,1,0.6908986116931327
S3,S3_M05,test,86,6,2,0.936102569103241,2,1,0.995776336260482
S3,S3_M05,test,87,6,9,0.5339142680168152,3,3,0.7249530873463913
S3,S3_M05,test,90,7,6,0.5235688090324402,1,1,0.5347761334325468
S3,S3_M05,test,91,7,20,0.3399587273597717,5,3,0.8673587945850915
S3,S3_M05,test,92,8,16,0.3323736488819122,4,2,1.0419282070731395
S3,S3_M05,test,93,10,3,0.9100103974342346,5,3,1.4907439470999715
S3,S3_M05,test,94,10,11,0.3870693743228912,1,1,1.1574701807626928
S3,S3_M05,test,96,11,14,0.6575168371200562,3,3,0.5741080166454023
S3,S3_M05,test,97,12,2,0.4715940952301025,2,2,0.3240735725128236
S3,S3_M05,test,98,12,7,0.4767509400844574,1,1,0.5767078502554004
S3,S3_M05,test,99,12,10,0.5919129252433777,2,2,0.2862333850135455
S3,S3_M05,test,100,12,11,0.3532431721687317,1,1,0.2653928897379203
S3,S3_M05,test,101,12,14,0.3820497989654541,2,2,0.2991003572801103
S3,S3_M05,test,102,12,10,0.8257789611816406,2,2,0.3415408535909254
S3,S3_M05,test,103,12,14,0.3435901999473572,2,2,0.0594274733253519
S3,S3_M05,test,104,12,11,0.5933932065963745,1,1,0.0543426600059798
S3,S3_M05,test,105,13,7,0.5972692966461182,2,1,0.5179120293864746
S3,S3_M05,test,106,13,8,0.4483765959739685,1,1,0.9557117415114512
S3,S3_M05,test,107,13,11,0.3747588694095611,2,2,0.317618798685681
S3,S3_M05,test,108,13,7,0.5355973839759827,2,1,0.3842109405998112
S3,S3_M05,test,109,14,0,0.953101634979248,6,4,1.7675439731426872
S3,S3_M05,test,110,15,13,0.3457382917404175,4,3,0.8667086755713013
S3,S3_M05,test,111,16,18,0.6335429549217224,2,2,0.6341006708778201
S3,S3_M05,test,112,16,20,0.9358482956886292,2,1,0.6701182157029913
S3,S3_M05,test,114,17,11,0.2116340696811676,2,1,0.4792598795166768
S3,S3_M05,test,115,17,6,0.6936929821968079,3,2,1.340401118068861
S3,S3_M05,test,117,18,7,0.3599984049797058,3,2,0.988564667351513
S3,S3_M05,test,118,18,20,0.8657169938087463,4,3,0.71724116452037
S3,S3_M05,test,119,19,22,0.2470579296350479,3,2,1.0325654924909395
S3,S3_M05,test,120,22,20,0.9761325716972352,2,2,1.2018039637582278
S3,S3_M05,test,121,22,11,0.4310241639614105,3,2,1.6010102101440011
S3,S3_M05,test,122,23,16,0.3253630995750427,3,2,1.3526845940991377
S3,S3_M05,test,123,24,3,0.934112310409546,5,4,1.5823983664290584
S3,S3_M05,test,124,2,4,0.784760057926178,2,2,0.8085692008650508
S3,S3_M05,test,125,3,9,0.5916502475738525,2,1,0.864235651533081
S3,S3_M05,test,126,6,15,0.4631389677524566,3,2,0.6262833788476223
S3,S3_M05,test,127,6,16,0.6038379669189453,2,2,1.132128924914332
S3,S3_M05,test,128,7,6,0.4323369860649109,1,1,0.441467250154916
S3,S3_M05,test,131,13,8,0.40993532538414,1,1,0.6995619673702692
S3,S3_M05,test,133,13,11,0.4774841070175171,2,2,0.5674369314515982
S3,S3_M05,test,135,18,16,0.4675839841365814,2,2,0.4542886979496985
S3,S3_M05,test,136,18,17,0.4998481869697571,1,1,0.6861291740597801
S3,S3_M05,test,138,24,23,0.5668604969978333,1,1,1.0943061868395023
S3,S3_M04,test,9,2,18,0.4377229809761047,4,3,0.8857744665287499
S3,S3_M04,test,10,3,9,0.6485577821731567,2,1,1.2987664765969664
S3,S3_M04,test,11,5,24,0.4705729782581329,7,4,2.10014646610355
S3,S3_M04,test,12,6,7,0.4465687274932861,1,1,0.7660638455610633
S3,S3_M04,test,13,6,19,0.9366582036018372,5,3,1.3897398935409844
S3,S3_M04,test,14,6,7,0.2889900505542755,1,1,0.8795647400225793
S3,S3_M04,test,15,6,22,0.906020164489746,4,3,1.276433279157385
S3,S3_M04,test,17,7,17,0.2848531603813171,2,2,0.941792171960182
S3,S3_M04,test,18,7,6,0.4701777100563049,1,1,0.1286776092841644
S3,S3_M04,test,19,7,19,0.9835912585258484,4,2,1.5165060484270356
S3,S3_M04,test,20,7,17,0.3123578727245331,2,2,0.6571459435836698
S3,S3_M04,test,21,8,6,0.9175755977630616,2,2,0.8451029023463786
S3,S3_M04,test,22,8,6,0.7499443888664246,2,2,0.5726031951940977
S3,S3_M04,test,23,8,23,0.8306644558906555,3,3,0.7121234365649205
S3,S3_M04,test,25,9,19,0.9751927256584167,2,2,1.4238249310551747
S3,S3_M04,test,27,11,9,0.5419929623603821,4,3,0.7525448421604407
S3,S3_M04,test,28,11,23,0.9736300706863404,4,2,0.9922983485409284
S3,S3_M04,test,29,12,11,0.354067325592041,1,1,0.0704048547680457
S3,S3_M04,test,30,12,13,0.3351005315780639,1,1,0.372380536106636
S3,S3_M04,test,32,12,11,0.4045573472976684,1,1,0.160398213561225
S3,S3_M04,test,35,13,12,0.3973788022994995,1,1,0.9062852795785328
S3,S3_M04,test,36,14,12,0.3491536676883697,2,2,1.104544325511394
S3,S3_M04,test,37,16,6,0.6571441292762756,2,2,0.87895707845357
S3,S3_M04,test,38,17,6,0.2212949246168136,3,2,0.6817588084510232
S3,S3_M04,test,39,17,6,0.3075563013553619,3,2,0.7698971768470282
S3,S3_M04,test,40,17,24,0.4353993833065033,3,2,0.5581167667536401
S3,S3_M04,test,42,18,7,0.325754702091217,3,2,0.8280298061390183
S3,S3_M04,test,43,18,19,0.5092778205871582,1,1,0.0262214735978229
S3,S3_M04,test,45,20,24,0.4462592303752899,4,4,1.337694858314409
S3,S3_M04,test,46,22,20,0.9842161536216736,2,2,0.8601958830347587
S3,S3_M04,test,47,23,2,0.5536490082740784,5,4,1.1281280854887004
S3,S3_M04,test,48,1,6,0.912176251411438,1,1,0.9015324989634534
S3,S3_M04,test,49,2,20,0.4144714176654815,6,4,1.4812134312041016
S3,S3_M04,test,51,4,6,0.4270182251930237,4,3,2.0528448925530376
S3,S3_M04,test,52,6,2,0.4712361097335815,2,1,0.6631022543755578
S3,S3_M04,test,53,7,6,0.5169366598129272,1,1,0.4125725115311104
S3,S3_M04,test,56,7,13,0.2411270886659622,2,1,0.7629761117780303
S3,S3_M04,test,57,7,2,0.8095723986625671,1,1,0.6397247737983975
S3,S3_M04,test,58,8,7,0.2170558720827102,1,1,0.8258637451922102
S3,S3_M04,test,59,8,6,0.9244464039802552,2,2,0.5771029764239184
S3,S3_M04,test,60,8,16,0.3629086315631866,4,2,1.0705857747674226
S3,S3_M04,test,61,8,7,0.3634359836578369,1,1,0.7517284764955464
S3,S3_M04,test,62,11,7,0.3632571697235107,2,1,0.6371380932645732
S3,S3_M04,test,65,11,13,0.4309826195240021,2,2,0.7037231596407779
S3,S3_M04,test,66,12,11,0.4015068411827087,1,1,0.0956448175770087
S3,S3_M04,test,68,13,12,0.1804341077804565,1,1,0.6398574772799759
S3,S3_M04,test,69,13,24,0.2473019808530807,3,2,0.4117631823213121
S3,S3_M04,test,71,16,12,0.2015077173709869,2,1,0.7167063836605976
S3,S3_M04,test,72,16,6,0.4351916015148163,2,2,0.8750412783751246
S3,S3_M04,test,73,17,16,0.4545018672943115,1,1,0.3942193682511694
S3,S3_M04,test,75,17,13,0.4423874318599701,2,1,0.322725292376356
S3,S3_M04,test,76,17,14,0.3291471302509308,3,2,0.4362570714687941
S3,S3_M04,test,77,17,16,0.4431482851505279,1,1,0.2484425493678258
S3,S3_M04,test,78,18,6,0.6580210328102112,4,2,1.7188976041852402
S3,S3_M04,test,79,18,22,0.615392804145813,2,1,0.3456612638119951
S3,S3_M04,test,80,18,24,0.4330752193927765,2,1,0.1785745046106829
S3,S3_M04,test,81,22,2,0.9458595514297484,4,4,1.0817652789867778
S3,S3_M04,test,83,23,19,0.7382561564445496,2,1,0.9611160563365504
S3,S3_M04,test,84,4,18,0.3831283450126648,4,3,1.6106583805008738
S3,S3_M04,test,85,6,7,0.1498584151268005,1,1,0.865742614789713
S3,S3_M04,test,86,6,2,0.9393429756164552,2,1,1.146822297649685
S3,S3_M04,test,87,6,12,0.311089813709259,2,1,1.1111338853610482
S3,S3_M04,test,88,6,7,0.4791277945041656,1,1,0.6422848985516045
S3,S3_M04,test,89,7,13,0.4213475883007049,2,1,0.549081599347403
S3,S3_M04,test,90,7,2,0.6029538512229919,1,1,0.5857223529952863
S3,S3_M04,test,91,7,22,0.4384669661521911,3,3,0.6200499124422011
S3,S3_M04,test,92,8,7,0.376090407371521,1,1,0.9474448132063538
S3,S3_M04,test,93,10,3,0.98545640707016,5,3,1.706084507590686
S3,S3_M04,test,94,10,11,0.4724569320678711,1,1,1.1407998303859022
S3,S3_M04,test,95,11,14,0.245984598994255,3,3,0.645172846720687
S3,S3_M04,test,96,11,14,0.3584336042404175,3,3,0.6665734660878854
S3,S3_M04,test,97,12,17,0.290101557970047,1,1,0.3033536103957822
S3,S3_M04,test,98,12,7,0.3069625794887543,1,1,0.5582330153510575
S3,S3_M04,test,99,12,10,0.5337710380554199,2,2,0.2849834509878403
S3,S3_M04,test,100,12,13,0.328254759311676,1,1,0.3087290022540266
S3,S3_M04,test,101,12,13,0.4274964034557342,1,1,0.2628415742707402
S3,S3_M04,test,102,12,10,0.4941620230674743,2,2,0.1331754430391293
S3,S3_M04,test,103,12,13,0.2929612398147583,1,1,0.0904869086030382
S3,S3_M04,test,104,12,11,0.6028921604156494,1,1,0.1032625125193735
S3,S3_M04,test,105,13,7,0.3532070517539978,2,1,0.4049615280761537
S3,S3_M04,test,106,13,7,0.5632342100143433,2,1,0.8262620827621363
S3,S3_M04,test,108,13,7,0.346314936876297,2,1,0.4448332678837721
S3,S3_M04,test,109,14,0,0.973193883895874,6,4,1.4317163819042178
S3,S3_M04,test,110,15,10,0.582299530506134,1,1,0.9523132896846108
S3,S3_M04,test,111,16,18,0.5501084923744202,2,2,0.9354796900569506
S3,S3_M04,test,113,17,7,0.4617255628108978,2,2,0.7838630384934541
S3,S3_M04,test,114,17,7,0.2061701864004135,2,2,0.5929548130446467
S3,S3_M04,test,115,17,6,0.7376246452331543,3,2,1.22880601487356
S3,S3_M04,test,116,17,16,0.3885369002819061,1,1,0.1244583926707681
S3,S3_M04,test,117,18,7,0.2979492545127868,3,2,0.8707725878016539
S3,S3_M04,test,118,18,19,0.7258515357971191,1,1,0.6474079321246606
S3,S3_M04,test,119,19,22,0.5039385557174683,3,2,0.9410838955834172
S3,S3_M04,test,120,22,20,0.9857877492904664,2,2,1.1602035378056312
S3,S3_M04,test,121,22,11,0.5747798085212708,3,2,1.4446070001559048
S3,S3_M04,test,122,23,16,0.4100052118301391,3,2,1.0023992847437522
S3,S3_M04,test,124,2,4,0.6739104390144348,2,2,0.9689497062199006
S3,S3_M04,test,125,3,9,0.8667919635772705,2,1,0.9228857031561892
S3,S3_M04,test,127,6,16,0.4632530808448791,2,2,1.1434601404085072
S3,S3_M04,test,128,7,6,0.540783703327179,1,1,0.8431313714971251
S3,S3_M04,test,129,8,6,0.3152330815792084,2,2,0.9006140941164567
S3,S3_M04,test,131,13,6,0.7600294351577759,3,2,0.624097151435131
S3,S3_M04,test,133,13,11,0.4926067888736725,2,2,0.5433774348658937
S3,S3_M04,test,134,17,8,0.4036124944686889,3,2,0.8796026378921955
S3,S3_M04,test,135,18,16,0.4389993250370025,2,2,0.4881019550861037
S3,S3_M04,test,136,18,17,0.3459385335445404,1,1,0.8550346038336359
S3,S3_M04,test,138,24,23,0.5476381778717041,1,1,0.998640645740969
S4,S4_F04,test,9,2,0,0.4036532938480377,2,2,0.9464682539778896
S4,S4_F04,test,10,3,23,0.3825225830078125,4,4,1.0200956596857984
S4,S4_F04,test,11,5,4,0.4832384586334228,5,4,1.878607786498003
S4,S4_F04,test,12,6,12,0.2942774891853332,2,1,0.6327550180636853
S4,S4_F04,test,13,6,23,0.9395687580108644,5,3,1.050544709799547
S4,S4_F04,test,14,6,16,0.3970109522342682,2,2,1.113760766564231
S4,S4_F04,test,15,6,22,0.3836674094200134,4,3,1.039848712022894
S4,S4_F04,test,16,7,17,0.2224830538034439,2,2,0.7319801917726718
S4,S4_F04,test,17,7,22,0.6735779643058777,3,3,0.8748433538793351
S4,S4_F04,test,18,7,6,0.4470808804035187,1,1,0.1281642287760059
S4,S4_F04,test,19,7,23,0.6398375630378723,4,3,1.093028237214322
S4,S4_F04,test,20,7,17,0.2769635021686554,2,2,0.9995678977173202
S4,S4_F04,test,21,8,6,0.6001272201538086,2,2,0.7487746123261582
S4,S4_F04,test,22,8,23,0.6943008303642273,3,3,0.6723648425705798
S4,S4_F04,test,23,8,23,0.923418402671814,3,3,0.6662804466977881
S4,S4_F04,test,24,8,2,0.332495629787445,2,1,0.4360138536696157
S4,S4_F04,test,25,9,19,0.9251563549041748,2,2,1.327702310934618
S4,S4_F04,test,27,11,6,0.4596722722053528,1,1,0.5423035771865921
S4,S4_F04,test,28,11,6,0.5905519723892212,1,1,0.4419088753879301
S4,S4_F04,test,30,12,13,0.1736825257539749,1,1,0.2310431923573491
S4,S4_F04,test,31,12,13,0.3751246631145477,1,1,0.1664717901897817
S4,S4_F04,test,32,12,11,0.5535804033279419,1,1,0.3118326368751932
S4,S4_F04,test,34,13,14,0.3757644593715668,1,1,0.0625355799441434
S4,S4_F04,test,36,14,13,0.270048588514328,1,1,1.2152837118460225
S4,S4_F04,test,37,16,6,0.5960608720779419,2,2,1.0622444901798669
S4,S4_F04,test,38,17,22,0.7105416655540466,1,1,0.5384042502053232
S4,S4_F04,test,39,17,22,0.2429651468992233,1,1,0.6100019231628881
S4,S4_F04,test,40,17,19,0.540125846862793,2,2,0.3576524126623475
S4,S4_F04,test,42,18,17,0.2858717143535614,1,1,0.8159381936251556
S4,S4_F04,test,43,18,19,0.788034200668335,1,1,0.1944299673064403
S4,S4_F04,test,45,20,24,0.795842707157135,4,4,1.2901533600548456
S4,S4_F04,test,46,22,20,0.58725506067276,2,2,1.1909967517418212
S4,S4_F04,test,47,23,4,0.3855345249176025,5,4,1.0690312077391548
S4,S4_F04,test,49,2,18,0.3397713005542755,4,3,1.1968576982984993
S4,S4_F04,test,50,3,0,0.6930466294288635,3,3,0.8941527749054177
S4,S4_F04,test,51,4,18,0.2588048875331878,4,3,1.671783819320427
S4,S4_F04,test,52,6,22,0.608278214931488,4,3,0.9301977240599364
S4,S4_F04,test,53,7,6,0.510732889175415,1,1,0.1528210146320114
S4,S4_F04,test,56,7,12,0.2527336478233337,1,1,0.6377279274641289
S4,S4_F04,test,57,7,2,0.5063982009887695,1,1,0.8504234295438552
S4,S4_F04,test,58,8,13,0.2898081541061401,1,1,0.6371446063651941
S4,S4_F04,test,59,8,6,0.5179689526557922,2,2,0.7920077385940374
S4,S4_F04,test,60,8,2,0.4137994050979614,2,1,1.0597128866463428
S4,S4_F04,test,61,8,13,0.2203981131315231,1,1,0.7097059181171681
S4,S4_F04,test,62,11,17,0.3773858547210693,2,1,0.6916183437567445
S4,S4_F04,test,65,11,13,0.3534801304340362,2,2,0.5963069948152868
S4,S4_F04,test,67,12,11,0.4522460997104645,1,1,0.1388995333190885
S4,S4_F04,test,68,13,17,0.3077147603034973,2,1,0.4923426425250181
S4,S4_F04,test,69,13,24,0.9586098790168762,3,2,0.3710516727481847
S4,S4_F04,test,70,13,14,0.240346223115921,1,1,0.7445501514680499
S4,S4_F04,test,71,16,13,0.2515670359134674,3,2,0.8693402687369969
S4,S4_F04,test,72,16,2,0.3144136071205139,4,3,0.7841077112382444
S4,S4_F04,test,73,17,7,0.5131551027297974,2,2,0.7657464597524333
S4,S4_F04,test,74,17,13,0.2138758599758148,2,1,0.3818623422355207
S4,S4_F04,test,75,17,13,0.3300593793392181,2,1,0.4862663217310815
S4,S4_F04,test,76,17,7,0.2161736041307449,2,2,0.6325743734158372
S4,S4_F04,test,77,17,2,0.6495267152786255,3,3,0.6714750949132918
S4,S4_F04,test,78,18,6,0.6968504786491394,4,2,1.504006189456624
S4,S4_F04,test,79,18,19,0.4294778108596802,1,1,0.595039153419523
S4,S4_F04,test,81,22,19,0.3009946048259735,3,2,0.9351553948645432
S4,S4_F04,test,84,4,8,0.3523751199245453,2,1,1.5607409058908803
S4,S4_F04,test,85,6,17,0.242193192243576,3,2,1.107344805020096
S4,S4_F04,test,86,6,20,0.7000674605369568,4,3,0.6698609278566775
S4,S4_F04,test,87,6,11,0.3611627519130707,1,1,0.6942101535851745
S4,S4_F04,test,88,6,7,0.2979454696178436,1,1,0.6511374313902977
S4,S4_F04,test,89,7,3,0.2898269593715668,2,1,0.2849697597537783
S4,S4_F04,test,90,7,6,0.6903321743011475,1,1,0.3484243489985081
S4,S4_F04,test,91,7,22,0.2973870933055877,3,3,0.6674781909818259
S4,S4_F04,test,92,8,17,0.415696233510971,3,2,0.8510913517175795
S4,S4_F04,test,93,10,5,0.4343477785587311,1,1,1.1698395432985835
S4,S4_F04,test,94,10,14,0.4964204430580139,4,4,0.9783179488162992
S4,S4_F04,test,95,11,14,0.6336362361907959,3,3,0.4856152649494204
S4,S4_F04,test,96,11,12,0.434201717376709,1,1,0.4647358058718175
S4,S4_F04,test,97,12,17,0.5920500755310059,1,1,0.3392447851851047
S4,S4_F04,test,98,12,13,0.2567130327224731,1,1,0.1182260391890813
S4,S4_F04,test,99,12,10,0.5305004715919495,2,2,0.4888323345889937
S4,S4_F04,test,100,12,14,0.4682962596416473,2,2,0.1171575592135826
S4,S4_F04,test,101,12,11,0.2927564978599548,1,1,0.0824652975000579
S4,S4_F04,test,102,12,10,0.6256511211395264,2,2,0.2647870291933426
S4,S4_F04,test,104,12,11,0.4441594779491424,1,1,0.2786870370797785
S4,S4_F04,test,105,13,8,0.4891964793205261,1,1,0.4104936888353426
S4,S4_F04,test,106,13,8,0.2133451998233795,1,1,0.6888234815252285
S4,S4_F04,test,107,13,10,0.3415460884571075,3,3,0.7301197279683079
S4,S4_F04,test,108,13,11,0.2436275780200958,2,2,0.4847888223394617
S4,S4_F04,test,109,14,0,0.5867840051651001,6,4,1.6378772751762878
S4,S4_F04,test,110,15,21,0.709747850894928,2,1,0.8637164467802522
S4,S4_F04,test,111,16,24,0.3744615912437439,4,3,0.781613046191168
S4,S4_F04,test,112,16,20,0.64129638671875,2,1,1.1128746762015254
S4,S4_F04,test,113,17,2,0.287595123052597,3,3,0.6874180063489986
S4,S4_F04,test,115,17,2,0.5122594833374023,3,3,0.789676865814941
S4,S4_F04,test,116,17,16,0.35028275847435,1,1,0.2235367907231543
S4,S4_F04,test,117,18,13,0.3315697908401489,1,1,0.7853403619512505
S4,S4_F04,test,118,18,19,0.4785192608833313,1,1,0.9614561679254942
S4,S4_F04,test,119,19,1,0.7163740396499634,6,3,1.53340507222445
S4,S4_F04,test,120,22,20,0.5808043479919434,2,2,1.589397952349383
S4,S4_F04,test,121,22,11,0.1929197609424591,3,2,1.1073808495646629
S4,S4_F04,test,122,23,24,0.4869241714477539,1,1,1.069920749239717
S4,S4_F04,test,123,24,3,0.4541836678981781,5,4,1.4855004246267416
S4,S4_F04,test,124,2,4,0.7667508125305176,2,2,0.8007373178899719
S4,S4_F04,test,125,3,4,0.8626452088356018,1,1,0.9075218024992122
S4,S4_F04,test,126,6,21,0.6245372891426086,3,3,0.843539557461076
S4,S4_F04,test,128,7,6,0.4115079641342163,1,1,0.7877249982109973
S4,S4_F04,test,129,8,17,0.2724708914756775,3,2,0.9880147497238594
S4,S4_F04,test,131,13,6,0.3389366567134857,3,2,0.4487951634050178
S4,S4_F04,test,132,13,12,0.4804567694664001,1,1,0.7569975490693256
S4,S4_F04,test,133,13,11,0.4512321650981903,2,2,0.6453084197386988
S4,S4_F04,test,134,17,0,0.7734936475753784,5,3,0.6860925765552625
S4,S4_F04,test,135,18,8,0.3056719601154327,2,2,0.6506565832826227
S4,S4_F04,test,138,24,23,0.8699471354484558,1,1,1.242742338719238
S4,S4_F05,test,9,2,16,0.4892193973064422,4,3,0.9065239039163774
S4,S4_F05,test,10,3,8,0.7418304085731506,1,1,0.7567725388441953
S4,S4_F05,test,11,5,4,0.6532381772994995,5,4,1.895295491509418
S4,S4_F05,test,12,6,9,0.8666818141937256,3,3,0.6557486483278011
S4,S4_F05,test,13,6,8,0.9955615997314452,2,2,0.8335716766567973
S4,S4_F05,test,14,6,7,0.4663594961166382,1,1,0.6642926930566125
S4,S4_F05,test,15,6,16,0.5504049062728882,2,2,1.0359383504011248
S4,S4_F05,test,17,7,18,0.396607756614685,3,2,0.9337728159609726
S4,S4_F05,test,18,7,6,0.9996970891952516,1,1,0.2079170826649551
S4,S4_F05,test,20,7,17,0.752648115158081,2,2,0.6378767604124029
S4,S4_F05,test,21,8,6,0.968093752861023,2,2,0.7702569341479367
S4,S4_F05,test,24,8,7,0.5536360144615173,1,1,0.1919175834840989
S4,S4_F05,test,25,9,19,0.74437016248703,2,2,1.3088019219694964
S4,S4_F05,test,26,11,12,0.6535539031028748,1,1,0.2161948987178154
S4,S4_F05,test,27,11,18,0.4861218929290771,3,2,0.8383790164581703
S4,S4_F05,test,28,11,6,0.994263470172882,1,1,0.5264209024048578
S4,S4_F05,test,30,12,13,0.7937724590301514,1,1,0.6820285457826631
S4,S4_F05,test,34,13,11,0.508893609046936,2,2,0.097508368687143
S4,S4_F05,test,36,14,13,0.6603982448577881,1,1,1.4775659720104497
S4,S4_F05,test,37,16,6,0.842334508895874,2,2,1.0878000739721958
S4,S4_F05,test,38,17,18,0.3831917941570282,1,1,0.4655535598616538
S4,S4_F05,test,39,17,6,0.917514145374298,3,2,0.7987349845724652
S4,S4_F05,test,40,17,4,0.4887090027332306,5,3,0.4629952748369792
S4,S4_F05,test,42,18,17,0.986198902130127,1,1,0.919879739347244
S4,S4_F05,test,43,18,4,0.6215000152587891,4,3,0.3960055394244843
S4,S4_F05,test,45,20,16,0.6073629260063171,2,1,1.133363782064151
S4,S4_F05,test,46,22,20,0.9988340735435486,2,2,0.852491200344791
S4,S4_F05,test,47,23,4,0.5075163245201111,5,4,1.352839308689341
S4,S4_F05,test,48,1,6,0.9873000979423524,1,1,0.5690645553029728
S4,S4_F05,test,49,2,18,0.9735302329063416,4,3,1.407369598651412
S4,S4_F05,test,50,3,4,0.9184668064117432,1,1,0.3807597068105133
S4,S4_F05,test,51,4,6,0.4457875490188598,4,3,1.9018282502568404
S4,S4_F05,test,55,7,8,0.6626955270767212,1,1,0.4246699106627721
S4,S4_F05,test,56,7,12,0.6695795059204102,1,1,0.7330907651051327
S4,S4_F05,test,57,7,17,0.6968833208084106,2,2,0.9774768771986398
S4,S4_F05,test,59,8,6,0.968631148338318,2,2,0.882489029331612
S4,S4_F05,test,60,8,17,0.6300700902938843,3,2,0.455412449829954
S4,S4_F05,test,61,8,7,0.6042398810386658,1,1,0.5099788617214235
S4,S4_F05,test,62,11,17,0.9104637503623962,2,1,0.696110111736444
S4,S4_F05,test,66,12,13,0.7724334597587585,1,1,0.3927450304501165
S4,S4_F05,test,67,12,11,0.9516805410385132,1,1,0.2783311029702799
S4,S4_F05,test,69,13,8,0.7371640205383301,1,1,0.3203882424325058
S4,S4_F05,test,72,16,6,0.4313521683216095,2,2,0.2922350141413303
S4,S4_F05,test,74,17,16,0.6826205253601074,1,1,0.0960574423193139
S4,S4_F05,test,75,17,16,0.4233853816986084,1,1,0.3160665184868208
S4,S4_F05,test,76,17,13,0.8095902800559998,2,1,1.0685159267575672
S4,S4_F05,test,77,17,13,0.5024494528770447,2,1,0.6206145220966863
S4,S4_F05,test,78,18,6,0.9960784316062928,4,2,1.7339672246554925
S4,S4_F05,test,79,18,2,0.9610458612442015,4,3,0.8413093372361651
S4,S4_F05,test,81,22,18,0.5491710305213928,2,1,0.690270563661255
S4,S4_F05,test,82,22,5,0.714948832988739,5,3,1.362162075443766
S4,S4_F05,test,84,4,0,0.8028256297111511,4,4,1.8693408058695031
S4,S4_F05,test,85,6,7,0.4500879645347595,1,1,0.7938208136004943
S4,S4_F05,test,86,6,2,0.9960706233978271,2,1,1.227499790185786
S4,S4_F05,test,87,6,9,0.9849578142166138,3,3,0.9731711065919044
S4,S4_F05,test,88,6,7,0.9755281805992126,1,1,0.6547570147124948
S4,S4_F05,test,89,7,3,0.9998549222946168,2,1,0.5102340410040334
S4,S4_F05,test,91,7,8,0.6648907661437988,1,1,0.6064016956680809
S4,S4_F05,test,92,8,17,0.582832932472229,3,2,1.0518290910348804
S4,S4_F05,test,93,10,5,0.6153149604797363,1,1,1.1192690749551348
S4,S4_F05,test,94,10,22,0.6290384531021118,4,2,0.6703064873220725
S4,S4_F05,test,96,11,12,0.9948670864105223,1,1,0.534532659018074
S4,S4_F05,test,97,12,17,0.9838913083076476,1,1,0.2823568883213531
S4,S4_F05,test,98,12,7,0.9799484014511108,1,1,0.3035513873175127
S4,S4_F05,test,99,12,10,0.7866957783699036,2,2,0.2796527171340923
S4,S4_F05,test,100,12,14,0.3984675407409668,2,2,0.2225827198880158
S4,S4_F05,test,101,12,11,0.978741466999054,1,1,0.2898857725922403
S4,S4_F05,test,103,12,2,0.3528500199317932,2,2,0.2465746943871095
S4,S4_F05,test,104,12,11,0.8458074331283569,1,1,0.2044413367526682
S4,S4_F05,test,105,13,8,0.5083168745040894,1,1,0.644841799757343
S4,S4_F05,test,106,13,16,0.7656626105308533,3,2,0.5786290721050099
S4,S4_F05,test,107,13,12,0.5249196887016296,1,1,0.1998590827266232
S4,S4_F05,test,108,13,11,0.98858380317688,2,2,0.5112167051673859
S4,S4_F05,test,109,14,1,0.9112394452095032,5,3,1.864404431173483
S4,S4_F05,test,110,15,21,0.9235689043998718,2,1,0.9407020896278524
S4,S4_F05,test,111,16,18,0.9045279026031494,2,2,0.8344813702312897
S4,S4_F05,test,112,16,20,0.9994882345199584,2,1,0.5542761482670724
S4,S4_F05,test,113,17,16,0.9915382862091064,1,1,0.6256226901217926
S4,S4_F05,test,115,17,7,0.93639475107193,2,2,0.8522804663873863
S4,S4_F05,test,116,17,13,0.8053515553474426,2,1,0.3364323787800456
S4,S4_F05,test,117,18,16,0.7049683332443237,2,2,0.6172083826785205
S4,S4_F05,test,118,18,15,0.9985119700431824,3,3,0.6825383723873517
S4,S4_F05,test,119,19,18,0.6521657705307007,1,1,0.991330961557914
S4,S4_F05,test,120,22,20,0.9998971223831176,2,2,1.0547704834845988
S4,S4_F05,test,121,22,13,0.6565131545066833,3,2,1.4484816108018512
S4,S4_F05,test,122,23,24,0.5650944709777832,1,1,0.8799625113792717
S4,S4_F05,test,123,24,23,0.7941417098045349,1,1,1.4504943045111227
S4,S4_F05,test,124,2,4,0.6949575543403625,2,2,0.99736677325164
S4,S4_F05,test,125,3,4,0.4115773737430572,1,1,1.0033999118374377
S4,S4_F05,test,126,6,19,0.549328088760376,5,3,1.2775820166976857
S4,S4_F05,test,127,6,8,0.9901940226554872,2,2,1.2608027472042302
S4,S4_F05,test,128,7,20,0.9680479764938354,5,3,0.6543513195010688
S4,S4_F05,test,130,12,11,0.4501052498817444,1,1,0.1606841940657492
S4,S4_F05,test,131,13,8,0.8474879860877991,1,1,0.1286925697050229
S4,S4_F05,test,132,13,12,0.986745536327362,1,1,0.5431113734476554
S4,S4_F05,test,133,13,12,0.5335415601730347,1,1,0.5559049667449273
S4,S4_F05,test,134,17,8,0.7587643265724182,3,2,0.9366661107075472
S4,S4_F05,test,138,24,23,0.4996354877948761,1,1,0.939706942338794
S4,S4_F06,test,9,2,17,0.6182090640068054,3,3,0.6858950836049629
S4,S4_F06,test,10,3,17,0.5093889236450195,4,3,1.706158020610718
S4,S4_F06,test,11,5,4,0.8713207840919495,5,4,2.143351356815288
S4,S4_F06,test,12,6,7,0.681391716003418,1,1,0.4392367424034486
S4,S4_F06,test,14,6,16,0.8488489389419556,2,2,0.9326817967967514
S4,S4_F06,test,16,7,17,0.5664222240447998,2,2,0.7699207703619144
S4,S4_F06,test,17,7,17,0.6184036731719971,2,2,1.2037837381070473
S4,S4_F06,test,18,7,6,0.9924086332321168,1,1,0.4526148172729684
S4,S4_F06,test,19,7,8,0.8123835921287537,1,1,0.8739325399119692
S4,S4_F06,test,21,8,6,0.9577487111091614,2,2,0.7528711669331541
S4,S4_F06,test,25,9,19,0.990991234779358,2,2,1.29566080114175
S4,S4_F06,test,27,11,6,0.8159046769142151,1,1,0.7948520171843669
S4,S4_F06,test,28,11,6,0.4789584279060364,1,1,0.6976078152125857
S4,S4_F06,test,29,12,11,0.716130793094635,1,1,0.2998344604491548
S4,S4_F06,test,30,12,7,0.4798701405525207,1,1,0.5238687240992185
S4,S4_F06,test,31,12,11,0.3387603759765625,1,1,0.2155780213374192
S4,S4_F06,test,32,12,11,0.7948704957962036,1,1,0.1160036440248583
S4,S4_F06,test,33,13,14,0.4352705478668213,1,1,0.5258981605845192
S4,S4_F06,test,34,13,14,0.8588545322418213,1,1,0.3290915378056758
S4,S4_F06,test,36,14,13,0.6172897815704346,1,1,1.105742563048001
S4,S4_F06,test,37,16,14,0.8689510822296143,4,3,1.4381667471199826
S4,S4_F06,test,38,17,22,0.9330362677574158,1,1,0.2175082314096742
S4,S4_F06,test,39,17,6,0.8878852725028992,3,2,0.9890784134267904
S4,S4_F06,test,40,17,18,0.8633759021759033,1,1,0.6796706203562366
S4,S4_F06,test,42,18,17,0.8610060214996338,1,1,0.6641860124484569
S4,S4_F06,test,43,18,4,0.8932022452354431,4,3,0.9678198754314444
S4,S4_F06,test,45,20,16,0.9014422297477722,2,1,0.713262523025113
S4,S4_F06,test,47,23,4,0.7028436660766602,5,4,1.8830181818381293
S4,S4_F06,test,48,1,15,0.5693570971488953,4,3,0.8257274404488606
S4,S4_F06,test,49,2,18,0.8140804171562195,4,3,1.710310127513656
S4,S4_F06,test,51,4,16,0.7456551194190979,6,3,2.6292637798400182
S4,S4_F06,test,53,7,6,0.6035391688346863,1,1,0.7903337325896772
S4,S4_F06,test,56,7,12,0.6863070726394653,1,1,0.6405938761088027
S4,S4_F06,test,57,7,2,0.7354071736335754,1,1,0.4746575007976398
S4,S4_F06,test,58,8,12,0.4096372127532959,2,1,0.7670260019898798
S4,S4_F06,test,59,8,6,0.7589187026023865,2,2,0.6718259839485972
S4,S4_F06,test,60,8,17,0.3951204419136047,3,2,0.7583338510457507
S4,S4_F06,test,61,8,13,0.3484742045402527,1,1,0.7411751898081692
S4,S4_F06,test,62,11,17,0.669528067111969,2,1,0.6893032666374767
S4,S4_F06,test,66,12,11,0.5613595247268677,1,1,0.5104029882242568
S4,S4_F06,test,67,12,11,0.5176604986190796,1,1,0.2772960534764881
S4,S4_F06,test,68,13,12,0.421056866645813,1,1,0.6698098777144808
S4,S4_F06,test,69,13,16,0.6969246864318848,3,2,0.8517736938282509
S4,S4_F06,test,72,16,18,0.6098719835281372,2,2,0.6056610366793618
S4,S4_F06,test,75,17,16,0.3454035818576813,1,1,0.2332014872543236
S4,S4_F06,test,76,17,14,0.464437186717987,3,2,0.8299161509603726
S4,S4_F06,test,77,17,18,0.4443375766277313,1,1,0.327782777767128
S4,S4_F06,test,78,18,15,0.4928735494613647,3,3,1.8227049297768307
S4,S4_F06,test,79,18,19,0.5120901465415955,1,1,0.2615184073300839
S4,S4_F06,test,81,22,18,0.2796486914157867,2,1,0.9711035427696372
S4,S4_F06,test,82,22,16,0.7180922031402588,2,1,0.5465773915887164
S4,S4_F06,test,83,23,4,0.4811967611312866,5,4,1.6238258309567315
S4,S4_F06,test,84,4,19,0.7330011129379272,3,3,1.2029873360401997
S4,S4_F06,test,85,6,17,0.3425504863262176,3,2,1.158274218949495
S4,S4_F06,test,86,6,2,0.945266842842102,2,1,1.0295012154340266
S4,S4_F06,test,87,6,3,0.5067305564880371,3,2,1.4347367603338148
S4,S4_F06,test,89,7,18,0.5090125799179077,3,2,1.382891985500559
S4,S4_F06,test,90,7,17,0.4673444330692291,2,2,0.7912063447494819
S4,S4_F06,test,91,7,6,0.8845781087875366,1,1,0.4119373517157854
S4,S4_F06,test,92,8,17,0.608703076839447,3,2,0.6489117002743147
S4,S4_F06,test,93,10,3,0.9895483255386353,5,3,2.066460708189294
S4,S4_F06,test,94,10,14,0.4154321849346161,4,4,1.146369138025158
S4,S4_F06,test,96,11,10,0.546576201915741,1,1,0.6140906607516654
S4,S4_F06,test,97,12,17,0.7397409081459045,1,1,0.4716756070147908
S4,S4_F06,test,98,12,7,0.7796012759208679,1,1,0.6510767950618865
S4,S4_F06,test,99,12,14,0.9756377935409546,2,2,0.4524396749829276
S4,S4_F06,test,101,12,13,0.3920632898807525,1,1,0.6540246515235993
S4,S4_F06,test,102,12,10,0.8872624635696411,2,2,0.7077121548840802
S4,S4_F06,test,103,12,2,0.5023974776268005,2,2,0.30988986848741
S4,S4_F06,test,104,12,11,0.5499714016914368,1,1,0.1947493266391645
S4,S4_F06,test,105,13,17,0.5293275713920593,2,1,0.3851793009073533
S4,S4_F06,test,106,13,9,0.604347825050354,2,1,0.5003105314461062
S4,S4_F06,test,107,13,12,0.6923394203186035,1,1,0.6761953446318861
S4,S4_F06,test,108,13,7,0.5418895483016968,2,1,0.5241522863584112
S4,S4_F06,test,109,14,0,0.9853160977363586,6,4,2.235346930633769
S4,S4_F06,test,110,15,10,0.6648686528205872,1,1,0.8205353979663659
S4,S4_F06,test,112,16,20,0.9920443296432496,2,1,0.4006306904037315
S4,S4_F06,test,116,17,7,0.4203603267669678,2,2,0.7682385528811878
S4,S4_F06,test,117,18,12,0.5143365263938904,2,1,0.7191265264937011
S4,S4_F06,test,118,18,6,0.2444097250699997,4,2,0.9421529259652472
S4,S4_F06,test,119,19,3,0.7815171480178833,4,3,1.1403008980358451
S4,S4_F06,test,120,22,20,0.9877040386199952,2,2,0.7434457815723803
S4,S4_F06,test,121,22,13,0.3478174209594726,3,2,1.3888379245249924
S4,S4_F06,test,122,23,18,0.8024756908416748,1,1,0.4200060986255051
S4,S4_F06,test,125,3,9,0.9184852242469788,2,1,0.5527488395448185
S4,S4_F06,test,126,6,21,0.8233258128166199,3,3,1.4318168655759278
S4,S4_F06,test,127,6,13,0.4851211309432983,3,2,1.2170925453014252
S4,S4_F06,test,128,7,6,0.9875085949897766,1,1,0.5204550571058555
S4,S4_F06,test,129,8,6,0.6402119994163513,2,2,0.8408402306910452
S4,S4_F06,test,130,12,13,0.5275940299034119,1,1,0.3605127558514203
S4,S4_F06,test,131,13,8,0.8841314911842346,1,1,0.2879333146696353
S4,S4_F06,test,132,13,14,0.6736624240875244,1,1,0.2460022050505176
S4,S4_F06,test,133,13,12,0.5202705264091492,1,1,0.5846788881030603
S4,S4_F06,test,135,18,22,0.5098907947540283,2,1,0.858817713983089
S4,S4_F06,test,136,18,20,0.8224007487297058,4,3,1.0461605822268705
S4,S4_F08,test,9,2,0,0.5098322033882141,2,2,0.8524001438068413
S4,S4_F08,test,10,3,23,0.5875025987625122,4,4,1.3586821866212226
S4,S4_F08,test,11,5,19,0.4113907516002655,6,4,1.872202568461498
S4,S4_F08,test,12,6,8,0.2988383769989013,2,2,0.6120579790843667
S4,S4_F08,test,13,6,23,0.4534671306610107,5,3,1.0395442384181188
S4,S4_F08,test,14,6,16,0.9332633018493652,2,2,0.8613455768455094
S4,S4_F08,test,15,6,17,0.8075633645057678,3,2,1.1717158089740305
S4,S4_F08,test,16,7,17,0.4925662279129028,2,2,0.4229082384376771
S4,S4_F08,test,17,7,12,0.4323445856571197,1,1,0.7329559888731465
S4,S4_F08,test,18,7,6,0.5653172135353088,1,1,0.4766094669017695
S4,S4_F08,test,19,7,19,0.5630505681037903,4,2,0.9813658185110108
S4,S4_F08,test,20,7,17,0.8353860378265381,2,2,1.0377020489001771
S4,S4_F08,test,21,8,6,0.971114695072174,2,2,0.7616531678815558
S4,S4_F08,test,25,9,19,0.2401399761438369,2,2,1.211536377755794
S4,S4_F08,test,27,11,14,0.6581758856773376,3,3,0.4984608130286478
S4,S4_F08,test,28,11,23,0.4760797023773193,4,2,0.8304146049674449
S4,S4_F08,test,29,12,11,0.9695547223091124,1,1,0.3785694741983134
S4,S4_F08,test,30,12,13,0.2526960372924804,1,1,0.3562830104353862
S4,S4_F08,test,33,13,6,0.3600966036319732,3,2,0.6721984780598809
S4,S4_F08,test,36,14,12,0.7588374614715576,2,2,1.166616523843315
S4,S4_F08,test,37,16,6,0.6195994019508362,2,2,0.7823419866640776
S4,S4_F08,test,38,17,22,0.3373306691646576,1,1,0.3654874249938822
S4,S4_F08,test,39,17,6,0.470331460237503,3,2,0.6312745952066443
S4,S4_F08,test,40,17,22,0.2587373256683349,1,1,0.4272954492599932
S4,S4_F08,test,42,18,17,0.6622610688209534,1,1,0.9743588086170072
S4,S4_F08,test,43,18,19,0.4474125802516937,1,1,0.1781539820008829
S4,S4_F08,test,45,20,16,0.992389976978302,2,1,1.0318448376392806
S4,S4_F08,test,46,22,20,0.9910253286361694,2,2,0.6355416779759798
S4,S4_F08,test,47,23,19,0.4146744310855865,2,1,0.9661904236965296
S4,S4_F08,test,48,1,6,0.5842418074607849,1,1,0.6543792217834153
S4,S4_F08,test,49,2,18,0.8129988312721252,4,3,1.848683388379806
S4,S4_F08,test,50,3,4,0.7501206398010254,1,1,0.5723956546795568
S4,S4_F08,test,51,4,18,0.6572484374046326,4,3,1.523404742762318
S4,S4_F08,test,52,6,8,0.5108574628829956,2,2,0.7737958140199143
S4,S4_F08,test,53,7,6,0.4308707416057586,1,1,0.311054157699439
S4,S4_F08,test,55,7,8,0.6035597920417786,1,1,0.4326922400833133
S4,S4_F08,test,56,7,11,0.3528339862823486,2,1,0.6696224263239989
S4,S4_F08,test,57,7,2,0.8052844405174255,1,1,0.6161945168728407
S4,S4_F08,test,58,8,16,0.5027456879615784,4,2,0.8342202551771217
S4,S4_F08,test,59,8,6,0.9306036233901978,2,2,0.9297489120454676
S4,S4_F08,test,60,8,2,0.607077956199646,2,1,0.5420281569557878
S4,S4_F08,test,61,8,7,0.7459502220153809,1,1,0.6368465327604467
S4,S4_F08,test,62,11,18,0.4182856678962707,3,2,0.7214968571020997
S4,S4_F08,test,66,12,11,0.5647870302200317,1,1,0.1033162627738653
S4,S4_F08,test,67,12,11,0.8997918963432312,1,1,0.1710440680546303
S4,S4_F08,test,68,13,12,0.2728916704654693,1,1,0.431696692183606
S4,S4_F08,test,69,13,8,0.7596265077590942,1,1,0.3673743761147472
S4,S4_F08,test,72,16,6,0.6170816421508789,2,2,0.4422553389457231
S4,S4_F08,test,73,17,7,0.5025557279586792,2,2,0.90190954386806
S4,S4_F08,test,76,17,13,0.5175860524177551,2,1,0.9969469453543356
S4,S4_F08,test,77,17,7,0.3542952537536621,2,2,0.5794446321098822
S4,S4_F08,test,78,18,6,0.7211349606513977,4,2,1.6469233159184875
S4,S4_F08,test,79,18,20,0.70270836353302,4,3,0.7240264947461653
S4,S4_F08,test,81,22,2,0.829593300819397,4,4,0.7211071003384597
S4,S4_F08,test,83,23,19,0.8754984140396118,2,1,1.045564015465032
S4,S4_F08,test,84,4,20,0.5216248035430908,8,4,1.920218080679152
S4,S4_F08,test,85,6,11,0.3008600175380707,1,1,0.9703397608702412
S4,S4_F08,test,86,6,2,0.998611330986023,2,1,1.0108407246766986
S4,S4_F08,test,87,6,7,0.3747099041938782,1,1,0.9832309648053488
S4,S4_F08,test,89,7,3,0.9916298985481262,2,1,0.332316636028099
S4,S4_F08,test,91,7,2,0.4610542953014374,1,1,0.444116118922644
S4,S4_F08,test,92,8,17,0.3765541315078735,3,2,1.0645329377765638
S4,S4_F08,test,93,10,3,0.8450645804405212,5,3,1.7308879545828022
S4,S4_F08,test,94,10,14,0.9470952153205872,4,4,1.2561807059044818
S4,S4_F08,test,95,11,12,0.6936511993408203,1,1,0.6466530723563718
S4,S4_F08,test,96,11,18,0.4910706281661987,3,2,0.3624901804440759
S4,S4_F08,test,97,12,17,0.5097641944885254,1,1,0.3372599265980189
S4,S4_F08,test,98,12,7,0.5364739298820496,1,1,0.2093159818444628
S4,S4_F08,test,99,12,14,0.6890258193016052,2,2,0.0797615602667156
S4,S4_F08,test,100,12,11,0.41893070936203,1,1,0.1074749002376922
S4,S4_F08,test,101,12,13,0.4563300609588623,1,1,0.2865962050514381
S4,S4_F08,test,102,12,14,0.4820016324520111,2,2,0.3064607569429395
S4,S4_F08,test,104,12,13,0.3798661530017853,1,1,0.240756066915721
S4,S4_F08,test,105,13,8,0.7196357250213623,1,1,0.4261948180671648
S4,S4_F08,test,106,13,8,0.6720448136329651,1,1,0.5609255534159403
S4,S4_F08,test,107,13,14,0.8612687587738037,1,1,0.5918501372600136
S4,S4_F08,test,108,13,11,0.5728947520256042,2,2,0.7215147421686531
S4,S4_F08,test,109,14,0,0.9886499643325806,6,4,1.7395774019003152
S4,S4_F08,test,110,15,21,0.9311693906784058,2,1,1.1206410699813194
S4,S4_F08,test,111,16,18,0.8597683310508728,2,2,0.7449612176568635
S4,S4_F08,test,112,16,20,0.9975718855857848,2,1,0.4308908542886316
S4,S4_F08,test,113,17,7,0.5121644139289856,2,2,0.6812297206531632
S4,S4_F08,test,115,17,7,0.8282362818717957,2,2,0.7709957398569824
S4,S4_F08,test,116,17,13,0.3601391315460205,2,1,0.2489153155478038
S4,S4_F08,test,117,18,7,0.3528055250644684,3,2,0.7218909735622429
S4,S4_F08,test,118,18,20,0.4235725998878479,4,3,0.7274049973933309
S4,S4_F08,test,119,19,0,0.972346007823944,7,4,1.2176677792464474
S4,S4_F08,test,120,22,20,0.9962056875228882,2,2,0.9204752106987056
S4,S4_F08,test,121,22,11,0.7496079802513123,3,2,1.2434814292707377
S4,S4_F08,test,122,23,24,0.8356361389160156,1,1,0.908186351406166
S4,S4_F08,test,123,24,3,0.9033351540565492,5,4,1.5772460310198353
S4,S4_F08,test,124,2,4,0.7952721118927002,2,2,0.8563394780845591
S4,S4_F08,test,126,6,22,0.969076693058014,4,3,0.980600788023722
S4,S4_F08,test,127,6,8,0.3245235681533813,2,2,1.4166034361297728
S4,S4_F08,test,128,7,19,0.5797158479690552,4,2,0.8763808333984952
S4,S4_F08,test,129,8,7,0.7394317984580994,1,1,0.6781715898959352
S4,S4_F08,test,131,13,8,0.5498051047325134,1,1,0.2697470545253654
S4,S4_F08,test,132,13,12,0.5175530314445496,1,1,0.3946503265103695
S4,S4_F08,test,133,13,11,0.3938944637775421,2,2,0.5071260573946386
S4,S4_F08,test,135,18,16,0.6799132227897644,2,2,0.4950406374528117
S4,S4_F08,test,136,18,17,0.8482660055160522,1,1,0.7909369185153594
S4,S4_F08,test,137,23,8,0.3212868869304657,3,3,1.2450783965931431
S4,S4_F08,test,138,24,16,0.6496943831443787,4,3,1.54397859129375
